{
  "info": {
    "name": "Bot EA - License & Promo API",
    "schema": "https://schema.getpostman.com/json/collection/v2.1.0/collection.json"
  },
  "item": [
    {
      "name": "Authentication",
      "item": [
        {
          "name": "Login",
          "request": {
            "method": "POST",
            "header": [
              {
                "key": "Content-Type",
                "value": "application/json"
              }
            ],
            "url": {
              "raw": "http://127.0.0.1:8080/api/login",
              "protocol": "http",
              "host": ["127", "0", "0", "1"],
              "port": "8080",
              "path": ["api", "login"]
            },
            "body": {
              "mode": "raw",
              "raw": "{\n    \"username\": \"{{admin_email}}\",\n    \"password\": \"{{admin_password}}\"\n}"
            }
          }
        }
      ]
    },
    {
      "name": "Payment",
      "item": [
        {
          "name": "Get Public Key",
          "request": {
            "method": "GET",
            "header": [],
            "url": {
              "raw": "http://127.0.0.1:8080/api/payment/public-key",
              "protocol": "http",
              "host": ["127", "0", "0", "1"],
              "port": "8080",
              "path": ["api", "payment", "public-key"]
            },
            "description": "Get the Stripe public key for payment processing."
          }
        },
        {
          "name": "Process Payment",
          "request": {
            "method": "POST",
            "header": [
              {
                "key": "Content-Type",
                "value": "application/json"
              }
            ],
            "url": {
              "raw": "http://127.0.0.1:8080/api/payment/charge",
              "protocol": "http",
              "host": ["127", "0", "0", "1"],
              "port": "8080",
              "path": ["api", "payment", "charge"]
            },
            "body": {
              "mode": "raw",
              "raw": "{\n    \"amount\": 19999,\n    \"currency\": \"usd\",\n    \"paymentMethodId\": \"{{payment_method_id}}\",\n    \"promoCode\": \"{{promo_code}}\"\n}"
            },
            "description": "Process a payment using Stripe."
          }
        },
        {
          "name": "Update License After Payment",
          "request": {
            "method": "POST",
            "header": [
              {
                "key": "Content-Type",
                "value": "application/json"
              }
            ],
            "url": {
              "raw": "http://127.0.0.1:8080/api/payment/update",
              "protocol": "http",
              "host": ["127", "0", "0", "1"],
              "port": "8080",
              "path": ["api", "payment", "update"]
            },
            "body": {
              "mode": "raw",
              "raw": "{\n    \"status\": \"succeeded\",\n    \"licenseType\": \"BAS\",\n    \"email\": \"{{user_email}}\",\n    \"countryCode\": \"USA\",\n    \"totalCredit\": 100.0,\n    \"promoCode\": \"{{promo_code}}\",\n    \"totalPrice\": 199.99,\n    \"isRenewal\": false\n}"
            },
            "description": "Update license information after successful payment. The discount and paid amount are automatically calculated based on the promo code if provided."
          }
        }
      ]
    },
    {
      "name": "Promo Code Management",
      "item": [
        {
          "name": "Generate Promo Code",
          "request": {
            "method": "POST",
            "header": [
              {
                "key": "Authorization",
                "value": "Bearer {{auth_token}}"
              },
              {
                "key": "Content-Type",
                "value": "application/json"
              }
            ],
            "url": {
              "raw": "http://127.0.0.1:8080/api/promoCode/generate",
              "protocol": "http",
              "host": ["127", "0", "0", "1"],
              "port": "8080",
              "path": ["api", "promoCode", "generate"]
            },
            "body": {
              "mode": "raw",
              "raw": "{\n    \"discount\": 20.0,\n    \"email\": \"{{admin_email}}\",\n    \"expiry\": 30\n}"
            },
            "description": "Generate a new promo code. Requires authentication."
          }
        },
        {
          "name": "Validate Promo Code",
          "request": {
            "method": "GET",
            "header": [],
            "url": {
              "raw": "http://127.0.0.1:8080/api/promoCode/validate?promoCode={{promo_code}}",
              "protocol": "http",
              "host": ["127", "0", "0", "1"],
              "port": "8080",
              "path": ["api", "promoCode", "validate"],
              "query": [
                {
                  "key": "promoCode",
                  "value": "{{promo_code}}"
                }
              ]
            },
            "description": "Validate a promo code. Public endpoint."
          }
        },
        {
          "name": "Mark Promo Code as Used",
          "request": {
            "method": "POST",
            "header": [],
            "url": {
              "raw": "http://127.0.0.1:8080/api/promoCode/use?promoCode={{promo_code}}&licenseKey={{license_key}}",
              "protocol": "http",
              "host": ["127", "0", "0", "1"],
              "port": "8080",
              "path": ["api", "promoCode", "use"],
              "query": [
                {
                  "key": "promoCode",
                  "value": "{{promo_code}}"
                },
                {
                  "key": "licenseKey",
                  "value": "{{license_key}}"
                }
              ]
            },
            "description": "Mark a promo code as used with a specific license key."
          }
        },
        {
          "name": "List All Promo Codes",
          "request": {
            "method": "GET",
            "header": [
              {
                "key": "Authorization",
                "value": "Bearer {{auth_token}}"
              }
            ],
            "url": {
              "raw": "http://127.0.0.1:8080/api/promoCode/all",
              "protocol": "http",
              "host": ["127", "0", "0", "1"],
              "port": "8080",
              "path": ["api", "promoCode", "all"]
            },
            "description": "Get all promo codes. Requires authentication."
          }
        },
        {
          "name": "List Active Promo Codes",
          "request": {
            "method": "GET",
            "header": [
              {
                "key": "Authorization",
                "value": "Bearer {{auth_token}}"
              }
            ],
            "url": {
              "raw": "http://127.0.0.1:8080/api/promoCode/active",
              "protocol": "http",
              "host": ["127", "0", "0", "1"],
              "port": "8080",
              "path": ["api", "promoCode", "active"]
            },
            "description": "Get all active (unused) promo codes. Requires authentication."
          }
        },
        {
          "name": "List Used Promo Codes",
          "request": {
            "method": "GET",
            "header": [
              {
                "key": "Authorization",
                "value": "Bearer {{auth_token}}"
              }
            ],
            "url": {
              "raw": "http://127.0.0.1:8080/api/promoCode/used",
              "protocol": "http",
              "host": ["127", "0", "0", "1"],
              "port": "8080",
              "path": ["api", "promoCode", "used"]
            },
            "description": "Get all used promo codes. Requires authentication."
          }
        },
        {
          "name": "Resend Promo Code Email",
          "request": {
            "method": "POST",
            "header": [
              {
                "key": "Authorization",
                "value": "Bearer {{auth_token}}"
              }
            ],
            "url": {
              "raw": "http://127.0.0.1:8080/api/promoCode/resend-email?promoCodeValue={{promo_code}}&email={{admin_email}}",
              "protocol": "http",
              "host": ["127", "0", "0", "1"],
              "port": "8080",
              "path": ["api", "promoCode", "resend-email"],
              "query": [
                {
                  "key": "promoCodeValue",
                  "value": "{{promo_code}}"
                },
                {
                  "key": "email",
                  "value": "{{admin_email}}"
                }
              ]
            },
            "description": "Resend promo code email. Requires authentication."
          }
        }
      ]
    },
    {
      "name": "License Management",
      "item": [
        {
          "name": "Generate License",
          "request": {
            "method": "POST",
            "header": [
              {
                "key": "Content-Type",
                "value": "application/json"
              }
            ],
            "url": {
              "raw": "http://127.0.0.1:8080/api/licenseManagement/generateLicense",
              "protocol": "http",
              "host": ["127", "0", "0", "1"],
              "port": "8080",
              "path": ["api", "licenseManagement", "generateLicense"]
            },
            "body": {
              "mode": "raw",
              "raw": "{\n    \"licenseType\": \"BAS\",\n    \"totalCredit\": 100.0,\n    \"countryCode\": \"USA\",\n    \"email\": \"{{admin_email}}\",\n    \"promoCode\": \"{{promo_code}}\",\n    \"totalPrice\": 199.99,\n    \"isDocumentTransaction\": false\n}"
            },
            "description": "Generate a new license. The discount and paid amount are automatically calculated based on the promo code if provided."
          }
        },
        {
          "name": "Register License",
          "request": {
            "method": "POST",
            "header": [
              {
                "key": "Authorization",
                "value": "Bearer {{auth_token}}"
              },
              {
                "key": "Content-Type",
                "value": "application/json"
              }
            ],
            "url": {
              "raw": "http://127.0.0.1:8080/api/licenseManagement/registerLicense",
              "protocol": "http",
              "host": ["127", "0", "0", "1"],
              "port": "8080",
              "path": ["api", "licenseManagement", "registerLicense"]
            },
            "body": {
              "mode": "raw",
              "raw": "{\n    \"licenseKey\": \"{{license_key}}\",\n    \"countryCode\": \"USA\",\n    \"isRegistered\": true\n}"
            },
            "description": "Register a license for the authenticated user. Requires authentication."
          }
        },
        {
          "name": "Renew License",
          "request": {
            "method": "POST",
            "header": [
              {
                "key": "Authorization",
                "value": "Bearer {{auth_token}}"
              },
              {
                "key": "Content-Type",
                "value": "application/json"
              }
            ],
            "url": {
              "raw": "http://127.0.0.1:8080/api/licenseManagement/renewLicense",
              "protocol": "http",
              "host": ["127", "0", "0", "1"],
              "port": "8080",
              "path": ["api", "licenseManagement", "renewLicense"]
            },
            "body": {
              "mode": "raw",
              "raw": "{\n    \"email\": \"{{user_email}}\",\n    \"countryCode\": \"USA\",\n    \"totalCredit\": 50.0,\n    \"licenseType\": \"BAS\",\n    \"promoCode\": \"{{promo_code}}\",\n    \"totalPrice\": 99.99,\n    \"isDocumentTransaction\": false\n}"
            },
            "description": "Renew an existing license. The discount and paid amount are automatically calculated based on the promo code if provided."
          }
        },
        {
          "name": "Calculate License Credit",
          "request": {
            "method": "POST",
            "header": [
              {
                "key": "Authorization",
                "value": "Bearer {{auth_token}}"
              },
              {
                "key": "Content-Type",
                "value": "application/json"
              }
            ],
            "url": {
              "raw": "http://127.0.0.1:8080/api/licenseManagement/calculateLicenseCredit",
              "protocol": "http",
              "host": ["127", "0", "0", "1"],
              "port": "8080",
              "path": ["api", "licenseManagement", "calculateLicenseCredit"]
            },
            "body": {
              "mode": "raw",
              "raw": "{\n    \"totalPagesScanned\": 10,\n    \"countryCode\": \"USA\",\n    \"isDocumentTransaction\": true\n}"
            },
            "description": "Calculate remaining license credit based on pages scanned. Requires authentication."
          }
        },
        {
          "name": "Fetch License Info",
          "request": {
            "method": "GET",
            "header": [
              {
                "key": "Authorization",
                "value": "Bearer {{auth_token}}"
              }
            ],
            "url": {
              "raw": "http://127.0.0.1:8080/api/licenseManagement/fetchLicenseInfo?userProfileId={{user_profile_id}}",
              "protocol": "http",
              "host": ["127", "0", "0", "1"],
              "port": "8080",
              "path": ["api", "licenseManagement", "fetchLicenseInfo"],
              "query": [
                {
                  "key": "userProfileId",
                  "value": "{{user_profile_id}}"
                }
              ]
            },
            "description": "Fetch license information for a specific user profile. Requires authentication."
          }
        },
        {
          "name": "Resend License Email",
          "request": {
            "method": "POST",
            "header": [
              {
                "key": "Authorization",
                "value": "Bearer {{auth_token}}"
              }
            ],
            "url": {
              "raw": "http://127.0.0.1:8080/api/licenseManagement/resend-email?licenseKey={{license_key}}&email={{admin_email}}",
              "protocol": "http",
              "host": ["127", "0", "0", "1"],
              "port": "8080",
              "path": ["api", "licenseManagement", "resend-email"],
              "query": [
                {
                  "key": "licenseKey",
                  "value": "{{license_key}}"
                },
                {
                  "key": "email",
                  "value": "{{admin_email}}"
                }
              ]
            },
            "description": "Resend license details email. Requires authentication."
          }
        }
      ]
    },
    {
      "name": "File Management",
      "item": [
        {
          "name": "Upload Files",
          "request": {
            "method": "POST",
            "header": [
              {
                "key": "Authorization",
                "value": "Bearer {{auth_token}}"
              }
            ],
            "body": {
              "mode": "formdata",
              "formdata": [
                {
                  "key": "template_name",
                  "value": "example_template",
                  "type": "text"
                },
                {
                  "key": "year",
                  "value": "2024",
                  "type": "text"
                },
                {
                  "key": "files",
                  "type": "file",
                  "src": []
                },
                {
                  "key": "user_profile_id",
                  "value": "1",
                  "type": "text"
                },
                {
                  "key": "business_address_id",
                  "value": "1",
                  "type": "text"
                }
              ]
            },
            "url": {
              "raw": "http://127.0.0.1:8080/api/v1/uploadFiles",
              "protocol": "http",
              "host": ["127", "0", "0", "1"],
              "port": "8080",
              "path": ["api", "v1", "uploadFiles"]
            },
            "description": "Upload multiple files with metadata. Requires authentication."
          }
        },
        {
          "name": "Download File",
          "request": {
            "method": "GET",
            "header": [],
            "url": {
              "raw": "http://127.0.0.1:8080/api/v1/download/{{filename}}",
              "protocol": "http",
              "host": ["127", "0", "0", "1"],
              "port": "8080",
              "path": ["api", "v1", "download", "{{filename}}"]
            },
            "description": "Download a specific file by filename."
          }
        }
      ]
    }
  ],
  "variable": [
    {
      "key": "admin_email",
      "value": "rajatr@provez.ai"
    },
    {
      "key": "admin_password",
      "value": "password123"
    },
    {
      "key": "auth_token",
      "value": ""
    },
    {
      "key": "promo_code",
      "value": ""
    },
    {
      "key": "license_key",
      "value": ""
    },
    {
      "key": "user_profile_id",
      "value": ""
    }
  ]
} 